path,true_label,pred_label,forced_to_others,abstained,raw_top_conf,raw_margin,entropy
/content/drive/MyDrive/AImodels/codes/experiments/Mark5/data_test/construction/construction_test_001.wav,construction,construction,False,False,0.9395373463630676,0.9250114010646939,0.1565440078792543
/content/drive/MyDrive/AImodels/codes/experiments/Mark5/data_test/construction/construction_test_002.wav,construction,construction,False,False,0.5906963348388672,0.4236599802970886,0.5660623868177311
/content/drive/MyDrive/AImodels/codes/experiments/Mark5/data_test/construction/construction_test_003.wav,construction,construction,False,False,0.862113356590271,0.8187765292823315,0.28894468821192504
/content/drive/MyDrive/AImodels/codes/experiments/Mark5/data_test/construction/construction_test_004.wav,construction,dragging,False,False,0.48657387495040894,0.2620263993740082,0.6441424587321585
/content/drive/MyDrive/AImodels/codes/experiments/Mark5/data_test/construction/construction_test_005.wav,construction,construction,False,False,0.8750120997428894,0.8345036953687668,0.26978593729039735
/content/drive/MyDrive/AImodels/codes/experiments/Mark5/data_test/construction/construction_test_006.wav,construction,construction,False,False,0.946198046207428,0.9268940929323435,0.1398420628365651
/content/drive/MyDrive/AImodels/codes/experiments/Mark5/data_test/construction/construction_test_007.wav,construction,construction,False,False,0.9149942994117737,0.8895561564713717,0.20353205472842392
/content/drive/MyDrive/AImodels/codes/experiments/Mark5/data_test/construction/construction_test_008.wav,construction,construction,False,False,0.9494470953941345,0.9389822455123067,0.13574315000073758
/content/drive/MyDrive/AImodels/codes/experiments/Mark5/data_test/construction/construction_test_009.wav,construction,construction,False,False,0.9191609025001526,0.9017018284648657,0.19822267006072206
/content/drive/MyDrive/AImodels/codes/experiments/Mark5/data_test/construction/construction_test_010.wav,construction,construction,False,False,0.9230713844299316,0.9033879600465298,0.19218736037350165
/content/drive/MyDrive/AImodels/codes/experiments/Mark5/data_test/construction/construction_test_011.wav,construction,construction,False,False,0.9419904351234436,0.921859860420227,0.14987137074776746
/content/drive/MyDrive/AImodels/codes/experiments/Mark5/data_test/construction/construction_test_012.wav,construction,construction,False,False,0.9491111040115356,0.9371430072933435,0.13696828410738957
/content/drive/MyDrive/AImodels/codes/experiments/Mark5/data_test/construction/construction_test_013.wav,construction,construction,False,False,0.852150022983551,0.7729483395814896,0.2856663066551665
/content/drive/MyDrive/AImodels/codes/experiments/Mark5/data_test/construction/construction_test_014.wav,construction,construction,False,False,0.9219114780426025,0.8890528902411461,0.18405961793383188
/content/drive/MyDrive/AImodels/codes/experiments/Mark5/data_test/construction/construction_test_015.wav,construction,construction,False,False,0.9129610061645508,0.8883401155471802,0.20527009717986466
/content/drive/MyDrive/AImodels/codes/experiments/Mark5/data_test/construction/construction_test_016.wav,construction,construction,False,False,0.9483899474143982,0.9329810980707407,0.13590222415299683
/content/drive/MyDrive/AImodels/codes/experiments/Mark5/data_test/construction/construction_test_017.wav,construction,construction,False,False,0.8953514099121094,0.8584828563034534,0.236196062827821
/content/drive/MyDrive/AImodels/codes/experiments/Mark5/data_test/construction/construction_test_018.wav,construction,others,True,False,0.7669970989227295,0.6737352311611176,0.41293089114766474
/content/drive/MyDrive/AImodels/codes/experiments/Mark5/data_test/construction/construction_test_019.wav,construction,construction,False,False,0.9217073321342468,0.8955418150871992,0.18937861920913537
/content/drive/MyDrive/AImodels/codes/experiments/Mark5/data_test/construction/construction_test_020.wav,construction,construction,False,False,0.8954890966415405,0.8599924519658089,0.2366461851689597
/content/drive/MyDrive/AImodels/codes/experiments/Mark5/data_test/construction/construction_test_021.wav,construction,construction,False,False,0.9361586570739746,0.9080261457711458,0.1562496094758789
/content/drive/MyDrive/AImodels/codes/experiments/Mark5/data_test/construction/construction_test_022.wav,construction,construction,False,False,0.6022699475288391,0.3958137333393097,0.5667196799127586
/content/drive/MyDrive/AImodels/codes/experiments/Mark5/data_test/construction/construction_test_023.wav,construction,machine_noise,False,False,0.5854459404945374,0.3894933760166168,0.5871028731962448
/content/drive/MyDrive/AImodels/codes/experiments/Mark5/data_test/construction/construction_test_024.wav,construction,construction,False,False,0.8935699462890625,0.860299788415432,0.23767208324026584
/content/drive/MyDrive/AImodels/codes/experiments/Mark5/data_test/construction/construction_test_025.wav,construction,construction,False,False,0.9469072222709656,0.9344356749206781,0.13993826960344563
/content/drive/MyDrive/AImodels/codes/experiments/Mark5/data_test/construction/construction_test_026.wav,construction,construction,False,False,0.9524824023246765,0.9404517589136958,0.12732998827508635
/content/drive/MyDrive/AImodels/codes/experiments/Mark5/data_test/construction/construction_test_027.wav,construction,construction,False,False,0.9396026134490967,0.9235033076256514,0.15608718510912378
/content/drive/MyDrive/AImodels/codes/experiments/Mark5/data_test/construction/construction_test_028.wav,construction,construction,False,False,0.9256343245506287,0.8962913695722818,0.17857740560172972
/content/drive/MyDrive/AImodels/codes/experiments/Mark5/data_test/construction/construction_test_029.wav,construction,construction,False,False,0.9612786173820496,0.9522975767031312,0.10894791066269849
/content/drive/MyDrive/AImodels/codes/experiments/Mark5/data_test/construction/construction_test_030.wav,construction,construction,False,False,0.9386988282203674,0.9244384663179517,0.15823221758552106
/content/drive/MyDrive/AImodels/codes/experiments/Mark5/data_test/construction/construction_test_031.wav,construction,construction,False,False,0.9583278298377991,0.9497512513771653,0.11622475965670369
/content/drive/MyDrive/AImodels/codes/experiments/Mark5/data_test/construction/construction_test_032.wav,construction,construction,False,False,0.9423211216926575,0.9272860502824187,0.14977018613181814
/content/drive/MyDrive/AImodels/codes/experiments/Mark5/data_test/construction/construction_test_033.wav,construction,construction,False,False,0.9370651245117188,0.9201671108603477,0.16010425505317674
/content/drive/MyDrive/AImodels/codes/experiments/Mark5/data_test/construction/construction_test_034.wav,construction,construction,False,False,0.9230672717094421,0.8983683940023184,0.18495497971239055
/content/drive/MyDrive/AImodels/codes/experiments/Mark5/data_test/construction/construction_test_035.wav,construction,construction,False,False,0.9266613721847534,0.9021798279136419,0.17548700227452108
/content/drive/MyDrive/AImodels/codes/experiments/Mark5/data_test/construction/construction_test_036.wav,construction,construction,False,False,0.9233787655830383,0.896718218922615,0.18190008594611426
/content/drive/MyDrive/AImodels/codes/experiments/Mark5/data_test/construction/construction_test_037.wav,construction,construction,False,False,0.9274351596832275,0.8985679931938648,0.1743735103359494
/content/drive/MyDrive/AImodels/codes/experiments/Mark5/data_test/construction/construction_test_038.wav,construction,construction,False,False,0.9138066172599792,0.8771567344665527,0.1972376934353032
/content/drive/MyDrive/AImodels/codes/experiments/Mark5/data_test/construction/construction_test_039.wav,construction,construction,False,False,0.9277122020721436,0.9040776789188385,0.1760122942056854
/content/drive/MyDrive/AImodels/codes/experiments/Mark5/data_test/construction/construction_test_040.wav,construction,construction,False,False,0.686684250831604,0.49184492230415344,0.4634554895240995
/content/drive/MyDrive/AImodels/codes/experiments/Mark5/data_test/construction/construction_test_041.wav,construction,construction,False,False,0.9196439981460571,0.8922215849161148,0.18683583353398284
/content/drive/MyDrive/AImodels/codes/experiments/Mark5/data_test/construction/construction_test_042.wav,construction,construction,False,False,0.9266225099563599,0.9000440463423729,0.17803783117718808
/content/drive/MyDrive/AImodels/codes/experiments/Mark5/data_test/construction/construction_test_043.wav,construction,construction,False,False,0.3726160526275635,0.06984943151473999,0.7040990909496442
/content/drive/MyDrive/AImodels/codes/experiments/Mark5/data_test/construction/construction_test_044.wav,construction,construction,False,False,0.946891188621521,0.9318521376699209,0.1383534282561802
/content/drive/MyDrive/AImodels/codes/experiments/Mark5/data_test/construction/construction_test_045.wav,construction,construction,False,False,0.9371035099029541,0.9060231018811464,0.1536554990571939
/content/drive/MyDrive/AImodels/codes/experiments/Mark5/data_test/construction/construction_test_046.wav,construction,construction,False,False,0.9515424966812134,0.9343260638415813,0.12761235574624363
/content/drive/MyDrive/AImodels/codes/experiments/Mark5/data_test/construction/construction_test_047.wav,construction,construction,False,False,0.9467504024505615,0.9278920870274305,0.13725324223024207
/content/drive/MyDrive/AImodels/codes/experiments/Mark5/data_test/construction/construction_test_048.wav,construction,construction,False,False,0.9384301900863647,0.9173967242240906,0.154692777006889
/content/drive/MyDrive/AImodels/codes/experiments/Mark5/data_test/dog_bark/dog_bark_test_001.wav,dog_bark,dog_bark,False,False,0.9676027297973633,0.9602469620294869,0.09396777241658527
/content/drive/MyDrive/AImodels/codes/experiments/Mark5/data_test/dog_bark/dog_bark_test_002.wav,dog_bark,dog_bark,False,False,0.9849166870117188,0.9801107756793499,0.04880628421237987
/content/drive/MyDrive/AImodels/codes/experiments/Mark5/data_test/dog_bark/dog_bark_test_003.wav,dog_bark,dog_bark,False,False,0.9843171238899231,0.9804889932274818,0.05072678449944399
/content/drive/MyDrive/AImodels/codes/experiments/Mark5/data_test/dog_bark/dog_bark_test_004.wav,dog_bark,dog_bark,False,False,0.6077451705932617,0.41341227293014526,0.5423450926206073
/content/drive/MyDrive/AImodels/codes/experiments/Mark5/data_test/dog_bark/dog_bark_test_005.wav,dog_bark,dog_bark,False,False,0.9706474542617798,0.9591799098998308,0.08418794019454594
/content/drive/MyDrive/AImodels/codes/experiments/Mark5/data_test/dog_bark/dog_bark_test_006.wav,dog_bark,dog_bark,False,False,0.4797748327255249,0.021768689155578613,0.44802187872235166
/content/drive/MyDrive/AImodels/codes/experiments/Mark5/data_test/dog_bark/dog_bark_test_007.wav,dog_bark,dog_bark,False,False,0.9471032619476318,0.9141236990690231,0.12624081590975825
/content/drive/MyDrive/AImodels/codes/experiments/Mark5/data_test/dog_bark/dog_bark_test_008.wav,dog_bark,dog_bark,False,False,0.9844059944152832,0.9796880553476512,0.050010096306126704
/content/drive/MyDrive/AImodels/codes/experiments/Mark5/data_test/dog_bark/dog_bark_test_009.wav,dog_bark,dog_bark,False,False,0.7312572598457336,0.5226537734270096,0.3713914324130452
/content/drive/MyDrive/AImodels/codes/experiments/Mark5/data_test/dog_bark/dog_bark_test_010.wav,dog_bark,dog_bark,False,False,0.9821080565452576,0.9764140881597996,0.0563817736323661
/content/drive/MyDrive/AImodels/codes/experiments/Mark5/data_test/dog_bark/dog_bark_test_011.wav,dog_bark,dog_bark,False,False,0.9798654913902283,0.9723478024825454,0.061400066029418804
/content/drive/MyDrive/AImodels/codes/experiments/Mark5/data_test/dog_bark/dog_bark_test_012.wav,dog_bark,dog_bark,False,False,0.9105443358421326,0.8724105879664421,0.20478092517259752
/content/drive/MyDrive/AImodels/codes/experiments/Mark5/data_test/dog_bark/dog_bark_test_013.wav,dog_bark,dog_bark,False,False,0.9855063557624817,0.9818448999430984,0.04751708912166238
/content/drive/MyDrive/AImodels/codes/experiments/Mark5/data_test/dog_bark/dog_bark_test_014.wav,dog_bark,dog_bark,False,False,0.9736229777336121,0.9665144439786673,0.0786094736228882
/content/drive/MyDrive/AImodels/codes/experiments/Mark5/data_test/dog_bark/dog_bark_test_015.wav,dog_bark,dog_bark,False,False,0.9647714495658875,0.9543797075748444,0.09938980296035405
/content/drive/MyDrive/AImodels/codes/experiments/Mark5/data_test/dog_bark/dog_bark_test_016.wav,dog_bark,dog_bark,False,False,0.9820347428321838,0.9779691663570702,0.05733370588504951
/content/drive/MyDrive/AImodels/codes/experiments/Mark5/data_test/dog_bark/dog_bark_test_017.wav,dog_bark,dog_bark,False,False,0.952961802482605,0.9249582216143608,0.117324674410213
/content/drive/MyDrive/AImodels/codes/experiments/Mark5/data_test/dog_bark/dog_bark_test_018.wav,dog_bark,dog_bark,False,False,0.9401369094848633,0.923242911696434,0.15409467555582976
/content/drive/MyDrive/AImodels/codes/experiments/Mark5/data_test/dog_bark/dog_bark_test_019.wav,dog_bark,dog_bark,False,False,0.96293044090271,0.9496653825044632,0.10331827532915484
/content/drive/MyDrive/AImodels/codes/experiments/Mark5/data_test/dog_bark/dog_bark_test_020.wav,dog_bark,dog_bark,False,False,0.9836655259132385,0.9788665845990181,0.05220967827705404
/content/drive/MyDrive/AImodels/codes/experiments/Mark5/data_test/dog_bark/dog_bark_test_021.wav,dog_bark,dog_bark,False,False,0.9591265320777893,0.942485012114048,0.11101250408214033
/content/drive/MyDrive/AImodels/codes/experiments/Mark5/data_test/dog_bark/dog_bark_test_022.wav,dog_bark,dog_bark,False,False,0.9767001867294312,0.9681321047246456,0.06972535583356498
/content/drive/MyDrive/AImodels/codes/experiments/Mark5/data_test/dog_bark/dog_bark_test_023.wav,dog_bark,dog_bark,False,False,0.9726567268371582,0.959794670343399,0.07793490725595571
/content/drive/MyDrive/AImodels/codes/experiments/Mark5/data_test/dog_bark/dog_bark_test_024.wav,dog_bark,dog_bark,False,False,0.8836256861686707,0.8336458243429661,0.2538698142195099
/content/drive/MyDrive/AImodels/codes/experiments/Mark5/data_test/dog_bark/dog_bark_test_025.wav,dog_bark,dog_bark,False,False,0.9711467027664185,0.9584540855139494,0.08243442843285183
/content/drive/MyDrive/AImodels/codes/experiments/Mark5/data_test/dog_bark/dog_bark_test_026.wav,dog_bark,dog_bark,False,False,0.8304023742675781,0.7438462004065514,0.32789886644541755
/content/drive/MyDrive/AImodels/codes/experiments/Mark5/data_test/dog_bark/dog_bark_test_027.wav,dog_bark,dog_bark,False,False,0.9462457299232483,0.9335297476500273,0.1429341073619681
/content/drive/MyDrive/AImodels/codes/experiments/Mark5/data_test/dog_bark/dog_bark_test_028.wav,dog_bark,dog_bark,False,False,0.9333672523498535,0.911695409566164,0.16439868749207526
/content/drive/MyDrive/AImodels/codes/experiments/Mark5/data_test/dog_bark/dog_bark_test_029.wav,dog_bark,dog_bark,False,False,0.9551589488983154,0.943164674565196,0.1228285614093778
/content/drive/MyDrive/AImodels/codes/experiments/Mark5/data_test/dog_bark/dog_bark_test_030.wav,dog_bark,dog_bark,False,False,0.8710393309593201,0.8212777152657509,0.2725639568521999
/content/drive/MyDrive/AImodels/codes/experiments/Mark5/data_test/dog_bark/dog_bark_test_031.wav,dog_bark,dog_bark,False,False,0.9258111119270325,0.8992321714758873,0.17527234440159692
/content/drive/MyDrive/AImodels/codes/experiments/Mark5/data_test/dog_bark/dog_bark_test_032.wav,dog_bark,dog_bark,False,False,0.6456581950187683,0.36304494738578796,0.4302341386560732
/content/drive/MyDrive/AImodels/codes/experiments/Mark5/data_test/dog_bark/dog_bark_test_033.wav,dog_bark,dog_bark,False,False,0.960582971572876,0.9456720594316721,0.10654798383037255
/content/drive/MyDrive/AImodels/codes/experiments/Mark5/data_test/dog_bark/dog_bark_test_034.wav,dog_bark,others,True,False,0.36821240186691284,0.12872865796089172,0.6944780344801924
/content/drive/MyDrive/AImodels/codes/experiments/Mark5/data_test/dog_bark/dog_bark_test_035.wav,dog_bark,dog_bark,False,False,0.9576287269592285,0.9417984578758478,0.1139388825352638
/content/drive/MyDrive/AImodels/codes/experiments/Mark5/data_test/dog_bark/dog_bark_test_036.wav,dog_bark,dog_bark,False,False,0.9539335370063782,0.9262237679213285,0.11347832976923704
/content/drive/MyDrive/AImodels/codes/experiments/Mark5/data_test/dog_bark/dog_bark_test_037.wav,dog_bark,dog_bark,False,False,0.939732551574707,0.8967226669192314,0.1350332164908979
/content/drive/MyDrive/AImodels/codes/experiments/Mark5/data_test/dog_bark/dog_bark_test_038.wav,dog_bark,dog_bark,False,False,0.7711740732192993,0.6974357664585114,0.4119746015815934
/content/drive/MyDrive/AImodels/codes/experiments/Mark5/data_test/dog_bark/dog_bark_test_039.wav,dog_bark,dog_bark,False,False,0.9584329128265381,0.9357722662389278,0.10572424475483272
/content/drive/MyDrive/AImodels/codes/experiments/Mark5/data_test/dog_bark/dog_bark_test_040.wav,dog_bark,dragging,False,False,0.6537295579910278,0.36691561341285706,0.4015096979678156
/content/drive/MyDrive/AImodels/codes/experiments/Mark5/data_test/dog_bark/dog_bark_test_041.wav,dog_bark,dog_bark,False,False,0.8992118835449219,0.8232247307896614,0.1941558894440881
/content/drive/MyDrive/AImodels/codes/experiments/Mark5/data_test/dog_bark/dog_bark_test_042.wav,dog_bark,dog_bark,False,False,0.957682192325592,0.9363285936415195,0.110975611031821
/content/drive/MyDrive/AImodels/codes/experiments/Mark5/data_test/dog_bark/dog_bark_test_043.wav,dog_bark,dog_bark,False,False,0.953409731388092,0.9372848626226187,0.1234305284925477
/content/drive/MyDrive/AImodels/codes/experiments/Mark5/data_test/dog_bark/dog_bark_test_044.wav,dog_bark,dog_bark,False,False,0.68526691198349,0.48511630296707153,0.4495367453466033
/content/drive/MyDrive/AImodels/codes/experiments/Mark5/data_test/dog_bark/dog_bark_test_045.wav,dog_bark,dog_bark,False,False,0.9263286590576172,0.8852699771523476,0.16904722539593214
/content/drive/MyDrive/AImodels/codes/experiments/Mark5/data_test/dog_bark/dog_bark_test_046.wav,dog_bark,dog_bark,False,False,0.976432204246521,0.9651630343869328,0.06906646901301822
/content/drive/MyDrive/AImodels/codes/experiments/Mark5/data_test/dog_bark/dog_bark_test_047.wav,dog_bark,dog_bark,False,False,0.9785868525505066,0.9719586074352264,0.0646902479368309
/content/drive/MyDrive/AImodels/codes/experiments/Mark5/data_test/dragging/dragging_test_001.wav,dragging,dragging,False,False,0.3315291702747345,0.04322481155395508,0.7677364559903123
/content/drive/MyDrive/AImodels/codes/experiments/Mark5/data_test/dragging/dragging_test_002.wav,dragging,dragging,False,False,0.735885739326477,0.5495454370975494,0.3941682250994551
/content/drive/MyDrive/AImodels/codes/experiments/Mark5/data_test/dragging/dragging_test_003.wav,dragging,others,True,False,0.4348961412906647,0.2710678279399872,0.748331688103089
/content/drive/MyDrive/AImodels/codes/experiments/Mark5/data_test/dragging/dragging_test_004.wav,dragging,dragging,False,False,0.725260853767395,0.5338723361492157,0.4106624025889121
/content/drive/MyDrive/AImodels/codes/experiments/Mark5/data_test/dragging/dragging_test_005.wav,dragging,others,True,False,0.3921175003051758,0.11472031474113464,0.7224645599075776
/content/drive/MyDrive/AImodels/codes/experiments/Mark5/data_test/dragging/dragging_test_006.wav,dragging,dragging,False,False,0.6897954344749451,0.5449781268835068,0.48764626261848343
/content/drive/MyDrive/AImodels/codes/experiments/Mark5/data_test/dragging/dragging_test_007.wav,dragging,dragging,False,False,0.8132226467132568,0.731555312871933,0.34895774509460503
/content/drive/MyDrive/AImodels/codes/experiments/Mark5/data_test/dragging/dragging_test_008.wav,dragging,water_toilet,False,False,0.4705122709274292,0.06129148602485657,0.539142884361861
/content/drive/MyDrive/AImodels/codes/experiments/Mark5/data_test/dragging/dragging_test_009.wav,dragging,dragging,False,False,0.6505385041236877,0.486516535282135,0.5044315154240628
/content/drive/MyDrive/AImodels/codes/experiments/Mark5/data_test/dragging/dragging_test_010.wav,dragging,dragging,False,False,0.9761114716529846,0.9636424230411649,0.06800767237790709
/content/drive/MyDrive/AImodels/codes/experiments/Mark5/data_test/dragging/dragging_test_011.wav,dragging,dragging,False,False,0.9652587175369263,0.9424572419375181,0.0884413223331535
/content/drive/MyDrive/AImodels/codes/experiments/Mark5/data_test/dragging/dragging_test_012.wav,dragging,dragging,False,False,0.975789487361908,0.9621513905003667,0.0680417441949667
/content/drive/MyDrive/AImodels/codes/experiments/Mark5/data_test/dragging/dragging_test_013.wav,dragging,dragging,False,False,0.9800964593887329,0.9752908735536039,0.06167070096802967
/content/drive/MyDrive/AImodels/codes/experiments/Mark5/data_test/dragging/dragging_test_014.wav,dragging,dragging,False,False,0.9717437028884888,0.9536818843334913,0.07516158748898241
/content/drive/MyDrive/AImodels/codes/experiments/Mark5/data_test/dragging/dragging_test_015.wav,dragging,dragging,False,False,0.9739276170730591,0.9581788070499897,0.07137574338144372
/content/drive/MyDrive/AImodels/codes/experiments/Mark5/data_test/dragging/dragging_test_016.wav,dragging,dragging,False,False,0.970750629901886,0.9546239338815212,0.0794985554447197
/content/drive/MyDrive/AImodels/codes/experiments/Mark5/data_test/dragging/dragging_test_017.wav,dragging,dragging,False,False,0.9617593288421631,0.9379177559167147,0.09632129809996179
/content/drive/MyDrive/AImodels/codes/experiments/Mark5/data_test/dragging/dragging_test_018.wav,dragging,machine_noise,False,False,0.40159907937049866,0.10320305824279785,0.6748693782354691
/content/drive/MyDrive/AImodels/codes/experiments/Mark5/data_test/dragging/dragging_test_019.wav,dragging,dragging,False,False,0.8551247715950012,0.7848043069243431,0.2908715091465806
/content/drive/MyDrive/AImodels/codes/experiments/Mark5/data_test/dragging/dragging_test_020.wav,dragging,dragging,False,False,0.5852876901626587,0.3467676639556885,0.5742120073787852
/content/drive/MyDrive/AImodels/codes/experiments/Mark5/data_test/dragging/dragging_test_021.wav,dragging,dragging,False,False,0.7603417634963989,0.6613478809595108,0.42914104640414863
/content/drive/MyDrive/AImodels/codes/experiments/Mark5/data_test/dragging/dragging_test_022.wav,dragging,dragging,False,False,0.8087543249130249,0.7305335104465485,0.36807952158408475
/content/drive/MyDrive/AImodels/codes/experiments/Mark5/data_test/dragging/dragging_test_023.wav,dragging,dragging,False,False,0.8952815532684326,0.8231940343976021,0.2079737745325495
/content/drive/MyDrive/AImodels/codes/experiments/Mark5/data_test/dragging/dragging_test_024.wav,dragging,dragging,False,False,0.8114842772483826,0.7027363032102585,0.33608377954946084
/content/drive/MyDrive/AImodels/codes/experiments/Mark5/data_test/dragging/dragging_test_025.wav,dragging,machine_noise,False,False,0.5209363698959351,0.21580100059509277,0.5726754118329851
/content/drive/MyDrive/AImodels/codes/experiments/Mark5/data_test/dragging/dragging_test_026.wav,dragging,machine_noise,False,False,0.7889927625656128,0.720925822854042,0.3924745356901262
/content/drive/MyDrive/AImodels/codes/experiments/Mark5/data_test/dragging/dragging_test_027.wav,dragging,dragging,False,False,0.551384449005127,0.2028070092201233,0.48657848008416765
/content/drive/MyDrive/AImodels/codes/experiments/Mark5/data_test/dragging/dragging_test_028.wav,dragging,dragging,False,False,0.6715043783187866,0.48651042580604553,0.4724062860764263
/content/drive/MyDrive/AImodels/codes/experiments/Mark5/data_test/dragging/dragging_test_029.wav,dragging,dragging,False,False,0.7234563231468201,0.5508933514356613,0.43145877090873186
/content/drive/MyDrive/AImodels/codes/experiments/Mark5/data_test/dragging/dragging_test_030.wav,dragging,dragging,False,False,0.5388665795326233,0.2779225707054138,0.5704379025856036
/content/drive/MyDrive/AImodels/codes/experiments/Mark5/data_test/dragging/dragging_test_031.wav,dragging,dragging,False,False,0.6827254891395569,0.5825768634676933,0.5022905249068549
/content/drive/MyDrive/AImodels/codes/experiments/Mark5/data_test/dragging/dragging_test_032.wav,dragging,heavy_impact,False,False,0.5139219760894775,0.14059919118881226,0.4957940927815072
/content/drive/MyDrive/AImodels/codes/experiments/Mark5/data_test/dragging/dragging_test_033.wav,dragging,dragging,False,False,0.44008395075798035,0.15888643264770508,0.6874418787304672
/content/drive/MyDrive/AImodels/codes/experiments/Mark5/data_test/dragging/dragging_test_034.wav,dragging,dragging,False,False,0.7500290274620056,0.6430975720286369,0.4236781622325998
/content/drive/MyDrive/AImodels/codes/experiments/Mark5/data_test/dragging/dragging_test_035.wav,dragging,dragging,False,False,0.9214127659797668,0.8879666589200497,0.17735800890694725
/content/drive/MyDrive/AImodels/codes/experiments/Mark5/data_test/dragging/dragging_test_036.wav,dragging,machine_noise,False,False,0.5763348937034607,0.296499639749527,0.534624896314373
/content/drive/MyDrive/AImodels/codes/experiments/Mark5/data_test/dragging/dragging_test_037.wav,dragging,dragging,False,False,0.8303738236427307,0.7684165723621845,0.3394950574690975
/content/drive/MyDrive/AImodels/codes/experiments/Mark5/data_test/dragging/dragging_test_038.wav,dragging,dragging,False,False,0.8054988980293274,0.652944341301918,0.3036583691148312
/content/drive/MyDrive/AImodels/codes/experiments/Mark5/data_test/dragging/dragging_test_039.wav,dragging,dragging,False,False,0.5294302105903625,0.11457791924476624,0.43058489390653565
/content/drive/MyDrive/AImodels/codes/experiments/Mark5/data_test/dragging/dragging_test_040.wav,dragging,dragging,False,False,0.6780913472175598,0.5078072100877762,0.47236060379941325
/content/drive/MyDrive/AImodels/codes/experiments/Mark5/data_test/dragging/dragging_test_041.wav,dragging,dragging,False,False,0.7252960801124573,0.5543045401573181,0.4314461567407918
/content/drive/MyDrive/AImodels/codes/experiments/Mark5/data_test/dragging/dragging_test_042.wav,dragging,dragging,False,False,0.6833889484405518,0.6083422303199768,0.5658570878436012
/content/drive/MyDrive/AImodels/codes/experiments/Mark5/data_test/dragging/dragging_test_043.wav,dragging,dragging,False,False,0.6048600077629089,0.3422783315181732,0.5086121490790719
/content/drive/MyDrive/AImodels/codes/experiments/Mark5/data_test/dragging/dragging_test_044.wav,dragging,dragging,False,False,0.8494464755058289,0.780863843858242,0.2996632586738911
/content/drive/MyDrive/AImodels/codes/experiments/Mark5/data_test/dragging/dragging_test_045.wav,dragging,dragging,False,False,0.6647422313690186,0.47517286241054535,0.48782025675432766
/content/drive/MyDrive/AImodels/codes/experiments/Mark5/data_test/dragging/dragging_test_046.wav,dragging,dragging,False,False,0.868235170841217,0.8127908743917942,0.2752002636971877
/content/drive/MyDrive/AImodels/codes/experiments/Mark5/data_test/dragging/dragging_test_047.wav,dragging,dragging,False,False,0.871555507183075,0.8159268647432327,0.266854024879726
/content/drive/MyDrive/AImodels/codes/experiments/Mark5/data_test/dragging/dragging_test_048.wav,dragging,dragging,False,False,0.4362819492816925,0.1302945911884308,0.5979359206231722
/content/drive/MyDrive/AImodels/codes/experiments/Mark5/data_test/heavy_impact/heavy_impact_test_001.wav,heavy_impact,heavy_impact,False,False,0.8446370363235474,0.7729949131608009,0.3101293016318699
/content/drive/MyDrive/AImodels/codes/experiments/Mark5/data_test/heavy_impact/heavy_impact_test_002.wav,heavy_impact,heavy_impact,False,False,0.9565585255622864,0.94679403770715,0.11886257206367139
/content/drive/MyDrive/AImodels/codes/experiments/Mark5/data_test/heavy_impact/heavy_impact_test_003.wav,heavy_impact,heavy_impact,False,False,0.868015468120575,0.8001865297555923,0.26910032335380124
/content/drive/MyDrive/AImodels/codes/experiments/Mark5/data_test/heavy_impact/heavy_impact_test_004.wav,heavy_impact,heavy_impact,False,False,0.9532740116119385,0.9404881475493312,0.12335750195470974
/content/drive/MyDrive/AImodels/codes/experiments/Mark5/data_test/heavy_impact/heavy_impact_test_005.wav,heavy_impact,heavy_impact,False,False,0.7999675273895264,0.6547153443098068,0.3223574760329686
/content/drive/MyDrive/AImodels/codes/experiments/Mark5/data_test/heavy_impact/heavy_impact_test_006.wav,heavy_impact,heavy_impact,False,False,0.7635118961334229,0.5612840354442596,0.3214484149967546
/content/drive/MyDrive/AImodels/codes/experiments/Mark5/data_test/heavy_impact/heavy_impact_test_007.wav,heavy_impact,heavy_impact,False,False,0.9231166243553162,0.8645600825548172,0.15825067767430215
/content/drive/MyDrive/AImodels/codes/experiments/Mark5/data_test/heavy_impact/heavy_impact_test_008.wav,heavy_impact,heavy_impact,False,False,0.8849505186080933,0.8515613488852978,0.258690867824474
/content/drive/MyDrive/AImodels/codes/experiments/Mark5/data_test/heavy_impact/heavy_impact_test_009.wav,heavy_impact,heavy_impact,False,False,0.9693061709403992,0.9574823202565312,0.0881586835895674
/content/drive/MyDrive/AImodels/codes/experiments/Mark5/data_test/heavy_impact/heavy_impact_test_010.wav,heavy_impact,heavy_impact,False,False,0.9691486358642578,0.9552418822422624,0.08682664101871801
/content/drive/MyDrive/AImodels/codes/experiments/Mark5/data_test/heavy_impact/heavy_impact_test_011.wav,heavy_impact,heavy_impact,False,False,0.854027509689331,0.7718796581029892,0.2800342569970064
/content/drive/MyDrive/AImodels/codes/experiments/Mark5/data_test/heavy_impact/heavy_impact_test_012.wav,heavy_impact,heavy_impact,False,False,0.9741272926330566,0.9663299196399748,0.07669256769550592
/content/drive/MyDrive/AImodels/codes/experiments/Mark5/data_test/heavy_impact/heavy_impact_test_013.wav,heavy_impact,heavy_impact,False,False,0.9452129602432251,0.9247518219053745,0.14180492231338926
/content/drive/MyDrive/AImodels/codes/experiments/Mark5/data_test/heavy_impact/heavy_impact_test_014.wav,heavy_impact,heavy_impact,False,False,0.8912864327430725,0.8129659593105316,0.2101077119666081
/content/drive/MyDrive/AImodels/codes/experiments/Mark5/data_test/heavy_impact/heavy_impact_test_015.wav,heavy_impact,heavy_impact,False,False,0.9689779877662659,0.9611644735559821,0.08963830514350482
/content/drive/MyDrive/AImodels/codes/experiments/Mark5/data_test/heavy_impact/heavy_impact_test_016.wav,heavy_impact,heavy_impact,False,False,0.9578157663345337,0.9462013710290194,0.11720214065411565
/content/drive/MyDrive/AImodels/codes/experiments/Mark5/data_test/heavy_impact/heavy_impact_test_017.wav,heavy_impact,heavy_impact,False,False,0.9368047714233398,0.8968183062970638,0.14496443229183945
/content/drive/MyDrive/AImodels/codes/experiments/Mark5/data_test/heavy_impact/heavy_impact_test_018.wav,heavy_impact,heavy_impact,False,False,0.9753240942955017,0.9681296022608876,0.07465131726856392
/content/drive/MyDrive/AImodels/codes/experiments/Mark5/data_test/heavy_impact/heavy_impact_test_019.wav,heavy_impact,heavy_impact,False,False,0.9646040797233582,0.9482785444706678,0.09650934414761884
/content/drive/MyDrive/AImodels/codes/experiments/Mark5/data_test/heavy_impact/heavy_impact_test_020.wav,heavy_impact,heavy_impact,False,False,0.9692691564559937,0.9544023722410202,0.08592508744697157
/content/drive/MyDrive/AImodels/codes/experiments/Mark5/data_test/heavy_impact/heavy_impact_test_021.wav,heavy_impact,heavy_impact,False,False,0.8441402912139893,0.7101099044084549,0.24285558393737444
/content/drive/MyDrive/AImodels/codes/experiments/Mark5/data_test/heavy_impact/heavy_impact_test_022.wav,heavy_impact,heavy_impact,False,False,0.9642543792724609,0.9473805092275143,0.09715191393157216
/content/drive/MyDrive/AImodels/codes/experiments/Mark5/data_test/heavy_impact/heavy_impact_test_023.wav,heavy_impact,heavy_impact,False,False,0.958380401134491,0.9371520858258009,0.1094836669278045
/content/drive/MyDrive/AImodels/codes/experiments/Mark5/data_test/heavy_impact/heavy_impact_test_024.wav,heavy_impact,heavy_impact,False,False,0.9623739719390869,0.951184275560081,0.10538165480447773
/content/drive/MyDrive/AImodels/codes/experiments/Mark5/data_test/heavy_impact/heavy_impact_test_025.wav,heavy_impact,heavy_impact,False,False,0.9683674573898315,0.9611661438830197,0.09228839940968728
/content/drive/MyDrive/AImodels/codes/experiments/Mark5/data_test/heavy_impact/heavy_impact_test_026.wav,heavy_impact,heavy_impact,False,False,0.9749637842178345,0.9691540692001581,0.07564134634296954
/content/drive/MyDrive/AImodels/codes/experiments/Mark5/data_test/heavy_impact/heavy_impact_test_027.wav,heavy_impact,heavy_impact,False,False,0.9202501773834229,0.8659351393580437,0.17060485811858705
/content/drive/MyDrive/AImodels/codes/experiments/Mark5/data_test/heavy_impact/heavy_impact_test_028.wav,heavy_impact,heavy_impact,False,False,0.9562955498695374,0.9390495922416449,0.11545328799638649
/content/drive/MyDrive/AImodels/codes/experiments/Mark5/data_test/heavy_impact/heavy_impact_test_029.wav,heavy_impact,heavy_impact,False,False,0.9373391270637512,0.9182169362902641,0.16052668047933305
/content/drive/MyDrive/AImodels/codes/experiments/Mark5/data_test/heavy_impact/heavy_impact_test_030.wav,heavy_impact,heavy_impact,False,False,0.8977709412574768,0.8166559562087059,0.19109915102529587
/content/drive/MyDrive/AImodels/codes/experiments/Mark5/data_test/heavy_impact/heavy_impact_test_031.wav,heavy_impact,heavy_impact,False,False,0.8829696178436279,0.820658802986145,0.2344111173734375
/content/drive/MyDrive/AImodels/codes/experiments/Mark5/data_test/heavy_impact/heavy_impact_test_032.wav,heavy_impact,heavy_impact,False,False,0.763857901096344,0.5675123780965805,0.32714432218465866
/content/drive/MyDrive/AImodels/codes/experiments/Mark5/data_test/heavy_impact/heavy_impact_test_033.wav,heavy_impact,heavy_impact,False,False,0.9397420883178711,0.9106752965599298,0.149275507294246
/content/drive/MyDrive/AImodels/codes/experiments/Mark5/data_test/heavy_impact/heavy_impact_test_034.wav,heavy_impact,heavy_impact,False,False,0.9588525295257568,0.9439875036478043,0.11046871137133057
/content/drive/MyDrive/AImodels/codes/experiments/Mark5/data_test/heavy_impact/heavy_impact_test_035.wav,heavy_impact,heavy_impact,False,False,0.9619947075843811,0.9502573385834694,0.10405099572301531
/content/drive/MyDrive/AImodels/codes/experiments/Mark5/data_test/heavy_impact/heavy_impact_test_036.wav,heavy_impact,heavy_impact,False,False,0.9203884601593018,0.8934094607830048,0.18606727805227544
/content/drive/MyDrive/AImodels/codes/experiments/Mark5/data_test/heavy_impact/heavy_impact_test_037.wav,heavy_impact,heavy_impact,False,False,0.9550697207450867,0.9447985757142305,0.12293903710601417
/content/drive/MyDrive/AImodels/codes/experiments/Mark5/data_test/heavy_impact/heavy_impact_test_038.wav,heavy_impact,heavy_impact,False,False,0.9350036978721619,0.9127621799707413,0.1602871740519291
/content/drive/MyDrive/AImodels/codes/experiments/Mark5/data_test/heavy_impact/heavy_impact_test_039.wav,heavy_impact,heavy_impact,False,False,0.9020566344261169,0.8520916849374771,0.21143194189150752
/content/drive/MyDrive/AImodels/codes/experiments/Mark5/data_test/heavy_impact/heavy_impact_test_040.wav,heavy_impact,heavy_impact,False,False,0.9213196635246277,0.8840865045785904,0.1811306488290132
/content/drive/MyDrive/AImodels/codes/experiments/Mark5/data_test/heavy_impact/heavy_impact_test_041.wav,heavy_impact,heavy_impact,False,False,0.9639003872871399,0.9510737685486674,0.10077453341869072
/content/drive/MyDrive/AImodels/codes/experiments/Mark5/data_test/heavy_impact/heavy_impact_test_042.wav,heavy_impact,heavy_impact,False,False,0.9540948867797852,0.9411022393032908,0.12573905686179393
/content/drive/MyDrive/AImodels/codes/experiments/Mark5/data_test/heavy_impact/heavy_impact_test_043.wav,heavy_impact,heavy_impact,False,False,0.9621198773384094,0.9501331867650151,0.10385283121376332
/content/drive/MyDrive/AImodels/codes/experiments/Mark5/data_test/heavy_impact/heavy_impact_test_044.wav,heavy_impact,heavy_impact,False,False,0.9700382947921753,0.9607658097520471,0.08635185323198899
/content/drive/MyDrive/AImodels/codes/experiments/Mark5/data_test/heavy_impact/heavy_impact_test_045.wav,heavy_impact,heavy_impact,False,False,0.9168105125427246,0.8735183328390121,0.18573598659858073
/content/drive/MyDrive/AImodels/codes/experiments/Mark5/data_test/heavy_impact/heavy_impact_test_046.wav,heavy_impact,heavy_impact,False,False,0.772397518157959,0.6866531893610954,0.41930196828365535
/content/drive/MyDrive/AImodels/codes/experiments/Mark5/data_test/heavy_impact/heavy_impact_test_047.wav,heavy_impact,heavy_impact,False,False,0.8642644286155701,0.8085002079606056,0.27458330881232557
/content/drive/MyDrive/AImodels/codes/experiments/Mark5/data_test/heavy_impact/heavy_impact_test_048.wav,heavy_impact,heavy_impact,False,False,0.9208595752716064,0.8891334570944309,0.18818027325482922
/content/drive/MyDrive/AImodels/codes/experiments/Mark5/data_test/machine_noise/machine_noise_test_001.wav,machine_noise,machine_noise,False,False,0.47105786204338074,0.22470979392528534,0.6430543307656813
/content/drive/MyDrive/AImodels/codes/experiments/Mark5/data_test/machine_noise/machine_noise_test_002.wav,machine_noise,machine_noise,False,False,0.9114728569984436,0.8806059621274471,0.20686668462329794
/content/drive/MyDrive/AImodels/codes/experiments/Mark5/data_test/machine_noise/machine_noise_test_003.wav,machine_noise,machine_noise,False,False,0.7824290990829468,0.684328518807888,0.3981894590752904
/content/drive/MyDrive/AImodels/codes/experiments/Mark5/data_test/machine_noise/machine_noise_test_004.wav,machine_noise,dragging,False,False,0.548887312412262,0.3584946542978287,0.5765601957771247
/content/drive/MyDrive/AImodels/codes/experiments/Mark5/data_test/machine_noise/machine_noise_test_005.wav,machine_noise,others,True,False,0.43965351581573486,0.1709701418876648,0.6699499612478155
/content/drive/MyDrive/AImodels/codes/experiments/Mark5/data_test/machine_noise/machine_noise_test_006.wav,machine_noise,machine_noise,False,False,0.6749315857887268,0.47209693491458893,0.46050122426529344
/content/drive/MyDrive/AImodels/codes/experiments/Mark5/data_test/machine_noise/machine_noise_test_007.wav,machine_noise,construction,False,False,0.7448374629020691,0.5673505365848541,0.385331390094475
/content/drive/MyDrive/AImodels/codes/experiments/Mark5/data_test/machine_noise/machine_noise_test_008.wav,machine_noise,dragging,False,False,0.4994024336338043,0.11056217551231384,0.5131490719420914
/content/drive/MyDrive/AImodels/codes/experiments/Mark5/data_test/machine_noise/machine_noise_test_009.wav,machine_noise,machine_noise,False,False,0.7224414348602295,0.5851329267024994,0.45250522528067944
/content/drive/MyDrive/AImodels/codes/experiments/Mark5/data_test/machine_noise/machine_noise_test_010.wav,machine_noise,others,True,False,0.3178195059299469,0.08888545632362366,0.7760006077708134
/content/drive/MyDrive/AImodels/codes/experiments/Mark5/data_test/machine_noise/machine_noise_test_011.wav,machine_noise,machine_noise,False,False,0.7388163805007935,0.6545906811952591,0.45459117462208004
/content/drive/MyDrive/AImodels/codes/experiments/Mark5/data_test/machine_noise/machine_noise_test_012.wav,machine_noise,construction,False,False,0.43705132603645325,0.05006149411201477,0.5779714634608105
/content/drive/MyDrive/AImodels/codes/experiments/Mark5/data_test/machine_noise/machine_noise_test_013.wav,machine_noise,machine_noise,False,False,0.852586567401886,0.7631320133805275,0.280573953494141
/content/drive/MyDrive/AImodels/codes/experiments/Mark5/data_test/machine_noise/machine_noise_test_014.wav,machine_noise,machine_noise,False,False,0.5033479332923889,0.07447528839111328,0.45995645497374
/content/drive/MyDrive/AImodels/codes/experiments/Mark5/data_test/machine_noise/machine_noise_test_015.wav,machine_noise,machine_noise,False,False,0.5276543498039246,0.22348859906196594,0.571413235476178
/content/drive/MyDrive/AImodels/codes/experiments/Mark5/data_test/machine_noise/machine_noise_test_016.wav,machine_noise,water_shower,False,False,0.6706216335296631,0.4994172155857086,0.4561397604092339
/content/drive/MyDrive/AImodels/codes/experiments/Mark5/data_test/machine_noise/machine_noise_test_017.wav,machine_noise,machine_noise,False,False,0.882030725479126,0.854033725336194,0.2660807628213786
/content/drive/MyDrive/AImodels/codes/experiments/Mark5/data_test/machine_noise/machine_noise_test_018.wav,machine_noise,machine_noise,False,False,0.5718082785606384,0.2491438090801239,0.49901230611355374
/content/drive/MyDrive/AImodels/codes/experiments/Mark5/data_test/machine_noise/machine_noise_test_019.wav,machine_noise,machine_noise,False,False,0.8392949104309082,0.7516887709498405,0.30640874601613716
/content/drive/MyDrive/AImodels/codes/experiments/Mark5/data_test/machine_noise/machine_noise_test_020.wav,machine_noise,machine_noise,False,False,0.6410430073738098,0.4748286157846451,0.5200987460415092
/content/drive/MyDrive/AImodels/codes/experiments/Mark5/data_test/machine_noise/machine_noise_test_021.wav,machine_noise,machine_noise,False,False,0.5801640748977661,0.38673439621925354,0.5773241531911636
/content/drive/MyDrive/AImodels/codes/experiments/Mark5/data_test/machine_noise/machine_noise_test_022.wav,machine_noise,construction,False,False,0.27629709243774414,0.047170490026474,0.8205676838289915
/content/drive/MyDrive/AImodels/codes/experiments/Mark5/data_test/machine_noise/machine_noise_test_023.wav,machine_noise,construction,False,False,0.6817238330841064,0.4383467435836792,0.42598858950884777
/content/drive/MyDrive/AImodels/codes/experiments/Mark5/data_test/machine_noise/machine_noise_test_024.wav,machine_noise,machine_noise,False,False,0.8008518815040588,0.7315859720110893,0.3876617558942411
/content/drive/MyDrive/AImodels/codes/experiments/Mark5/data_test/machine_noise/machine_noise_test_025.wav,machine_noise,machine_noise,False,False,0.7538378834724426,0.6335286647081375,0.42389130097992256
/content/drive/MyDrive/AImodels/codes/experiments/Mark5/data_test/machine_noise/machine_noise_test_026.wav,machine_noise,machine_noise,False,False,0.9076035022735596,0.8847978096455336,0.2193841168152459
/content/drive/MyDrive/AImodels/codes/experiments/Mark5/data_test/machine_noise/machine_noise_test_027.wav,machine_noise,others,True,False,0.8023980259895325,0.7084073126316071,0.3711966859363963
/content/drive/MyDrive/AImodels/codes/experiments/Mark5/data_test/machine_noise/machine_noise_test_028.wav,machine_noise,dragging,False,False,0.5721123814582825,0.31112098693847656,0.5400896793929236
/content/drive/MyDrive/AImodels/codes/experiments/Mark5/data_test/machine_noise/machine_noise_test_029.wav,machine_noise,machine_noise,False,False,0.9147677421569824,0.8954390287399292,0.20672893248394386
/content/drive/MyDrive/AImodels/codes/experiments/Mark5/data_test/machine_noise/machine_noise_test_030.wav,machine_noise,machine_noise,False,False,0.6096787452697754,0.3654022216796875,0.5294502119712011
/content/drive/MyDrive/AImodels/codes/experiments/Mark5/data_test/machine_noise/machine_noise_test_031.wav,machine_noise,machine_noise,False,False,0.7566561102867126,0.6301954984664917,0.42324203754878814
/content/drive/MyDrive/AImodels/codes/experiments/Mark5/data_test/machine_noise/machine_noise_test_032.wav,machine_noise,machine_noise,False,False,0.6901723742485046,0.4850579798221588,0.4582567704437342
/content/drive/MyDrive/AImodels/codes/experiments/Mark5/data_test/machine_noise/machine_noise_test_033.wav,machine_noise,machine_noise,False,False,0.6645395755767822,0.45088620483875275,0.4866741307425691
/content/drive/MyDrive/AImodels/codes/experiments/Mark5/data_test/machine_noise/machine_noise_test_034.wav,machine_noise,machine_noise,False,False,0.7907641530036926,0.7108413502573967,0.3818275811493682
/content/drive/MyDrive/AImodels/codes/experiments/Mark5/data_test/machine_noise/machine_noise_test_035.wav,machine_noise,machine_noise,False,False,0.8555072546005249,0.8058838434517384,0.30127860460577716
/content/drive/MyDrive/AImodels/codes/experiments/Mark5/data_test/machine_noise/machine_noise_test_036.wav,machine_noise,machine_noise,False,False,0.876326858997345,0.8253713734447956,0.2648803823238563
/content/drive/MyDrive/AImodels/codes/experiments/Mark5/data_test/machine_noise/machine_noise_test_037.wav,machine_noise,machine_noise,False,False,0.45681989192962646,0.08714812994003296,0.5760081021299931
/content/drive/MyDrive/AImodels/codes/experiments/Mark5/data_test/machine_noise/machine_noise_test_038.wav,machine_noise,machine_noise,False,False,0.7812738418579102,0.6765727028250694,0.3936063927721289
/content/drive/MyDrive/AImodels/codes/experiments/Mark5/data_test/machine_noise/machine_noise_test_039.wav,machine_noise,machine_noise,False,False,0.8687225580215454,0.7916000559926033,0.2592196862972129
/content/drive/MyDrive/AImodels/codes/experiments/Mark5/data_test/machine_noise/machine_noise_test_040.wav,machine_noise,machine_noise,False,False,0.8517029285430908,0.7842715084552765,0.30011462886820234
/content/drive/MyDrive/AImodels/codes/experiments/Mark5/data_test/machine_noise/machine_noise_test_041.wav,machine_noise,machine_noise,False,False,0.6745824813842773,0.4618149548768997,0.4621254950600877
/content/drive/MyDrive/AImodels/codes/experiments/Mark5/data_test/machine_noise/machine_noise_test_042.wav,machine_noise,machine_noise,False,False,0.6663436889648438,0.49126875400543213,0.5027269479903382
/content/drive/MyDrive/AImodels/codes/experiments/Mark5/data_test/machine_noise/machine_noise_test_043.wav,machine_noise,machine_noise,False,False,0.5358614921569824,0.26849377155303955,0.5876203524814592
/content/drive/MyDrive/AImodels/codes/experiments/Mark5/data_test/machine_noise/machine_noise_test_044.wav,machine_noise,machine_noise,False,False,0.8134154081344604,0.7368781790137291,0.34628194098398135
/content/drive/MyDrive/AImodels/codes/experiments/Mark5/data_test/machine_noise/machine_noise_test_045.wav,machine_noise,machine_noise,False,False,0.7160149812698364,0.5860070437192917,0.45119424701392785
/content/drive/MyDrive/AImodels/codes/experiments/Mark5/data_test/machine_noise/machine_noise_test_046.wav,machine_noise,others,True,False,0.6827353239059448,0.545657753944397,0.506934546124772
/content/drive/MyDrive/AImodels/codes/experiments/Mark5/data_test/machine_noise/machine_noise_test_047.wav,machine_noise,machine_noise,False,False,0.5793843865394592,0.2841385304927826,0.5171638496341208
/content/drive/MyDrive/AImodels/codes/experiments/Mark5/data_test/machine_noise/machine_noise_test_048.wav,machine_noise,dragging,False,False,0.44107478857040405,0.09593617916107178,0.6281472597482703
/content/drive/MyDrive/AImodels/codes/experiments/Mark5/data_test/media_talking/media_talking_test_001.wav,media_talking,media_talking,False,False,0.9021176099777222,0.8656281791627407,0.2207600512650781
/content/drive/MyDrive/AImodels/codes/experiments/Mark5/data_test/media_talking/media_talking_test_002.wav,media_talking,media_talking,False,False,0.9296203851699829,0.9108523912727833,0.17473746299007387
/content/drive/MyDrive/AImodels/codes/experiments/Mark5/data_test/media_talking/media_talking_test_003.wav,media_talking,media_talking,False,False,0.9086881875991821,0.8907934445887804,0.21841623035284258
/content/drive/MyDrive/AImodels/codes/experiments/Mark5/data_test/media_talking/media_talking_test_004.wav,media_talking,media_talking,False,False,0.9312518835067749,0.9110425990074873,0.1729534534255698
/content/drive/MyDrive/AImodels/codes/experiments/Mark5/data_test/media_talking/media_talking_test_005.wav,media_talking,media_talking,False,False,0.9534817337989807,0.9397671679034829,0.12595774313028604
/content/drive/MyDrive/AImodels/codes/experiments/Mark5/data_test/media_talking/media_talking_test_006.wav,media_talking,media_talking,False,False,0.8887612819671631,0.8275673501193523,0.2339324571727871
/content/drive/MyDrive/AImodels/codes/experiments/Mark5/data_test/media_talking/media_talking_test_007.wav,media_talking,media_talking,False,False,0.9037083387374878,0.869237869977951,0.22288500958174282
/content/drive/MyDrive/AImodels/codes/experiments/Mark5/data_test/media_talking/media_talking_test_008.wav,media_talking,media_talking,False,False,0.9332746863365173,0.916042959317565,0.16852826767598073
/content/drive/MyDrive/AImodels/codes/experiments/Mark5/data_test/media_talking/media_talking_test_009.wav,media_talking,media_talking,False,False,0.8783450126647949,0.8173679672181606,0.24978928009073484
/content/drive/MyDrive/AImodels/codes/experiments/Mark5/data_test/media_talking/media_talking_test_010.wav,media_talking,media_talking,False,False,0.770514726638794,0.6624786034226418,0.4013925625330517
/content/drive/MyDrive/AImodels/codes/experiments/Mark5/data_test/media_talking/media_talking_test_011.wav,media_talking,media_talking,False,False,0.9478467702865601,0.9345927406102419,0.13958223810424267
/content/drive/MyDrive/AImodels/codes/experiments/Mark5/data_test/media_talking/media_talking_test_012.wav,media_talking,media_talking,False,False,0.8490821719169617,0.8095318302512169,0.31303509050764605
/content/drive/MyDrive/AImodels/codes/experiments/Mark5/data_test/media_talking/media_talking_test_013.wav,media_talking,media_talking,False,False,0.9260384440422058,0.901582844555378,0.17727297856413404
/content/drive/MyDrive/AImodels/codes/experiments/Mark5/data_test/media_talking/media_talking_test_014.wav,media_talking,media_talking,False,False,0.9083842635154724,0.8890972267836332,0.21969698887102382
/content/drive/MyDrive/AImodels/codes/experiments/Mark5/data_test/media_talking/media_talking_test_015.wav,media_talking,media_talking,False,False,0.7797929048538208,0.6871749460697174,0.40976777324591124
/content/drive/MyDrive/AImodels/codes/experiments/Mark5/data_test/media_talking/media_talking_test_016.wav,media_talking,media_talking,False,False,0.9496825933456421,0.9373181536793709,0.1346426791387492
/content/drive/MyDrive/AImodels/codes/experiments/Mark5/data_test/media_talking/media_talking_test_017.wav,media_talking,media_talking,False,False,0.9251440167427063,0.9118408709764481,0.18898299549894632
/content/drive/MyDrive/AImodels/codes/experiments/Mark5/data_test/media_talking/media_talking_test_018.wav,media_talking,media_talking,False,False,0.9463388919830322,0.9293691962957382,0.1402290465198963
/content/drive/MyDrive/AImodels/codes/experiments/Mark5/data_test/media_talking/media_talking_test_019.wav,media_talking,others,True,False,0.698602020740509,0.5973493754863739,0.5065736452854717
/content/drive/MyDrive/AImodels/codes/experiments/Mark5/data_test/media_talking/media_talking_test_020.wav,media_talking,media_talking,False,False,0.9422181248664856,0.9280586130917072,0.1500151722622842
/content/drive/MyDrive/AImodels/codes/experiments/Mark5/data_test/media_talking/media_talking_test_021.wav,media_talking,others,True,False,0.5995408296585083,0.3922957628965378,0.5509386776386657
/content/drive/MyDrive/AImodels/codes/experiments/Mark5/data_test/media_talking/media_talking_test_022.wav,media_talking,media_talking,False,False,0.900635302066803,0.8512476086616516,0.2189488737668279
/content/drive/MyDrive/AImodels/codes/experiments/Mark5/data_test/media_talking/media_talking_test_023.wav,media_talking,media_talking,False,False,0.9615339636802673,0.9508960992097855,0.1081468499622079
/content/drive/MyDrive/AImodels/codes/experiments/Mark5/data_test/media_talking/media_talking_test_024.wav,media_talking,media_talking,False,False,0.9467419385910034,0.9323331713676453,0.1409158540551792
/content/drive/MyDrive/AImodels/codes/experiments/Mark5/data_test/media_talking/media_talking_test_025.wav,media_talking,media_talking,False,False,0.7946740984916687,0.6754888445138931,0.3527302222532137
/content/drive/MyDrive/AImodels/codes/experiments/Mark5/data_test/media_talking/media_talking_test_026.wav,media_talking,others,True,False,0.619593620300293,0.39778056740760803,0.515633873135584
/content/drive/MyDrive/AImodels/codes/experiments/Mark5/data_test/media_talking/media_talking_test_027.wav,media_talking,media_talking,False,False,0.8101526498794556,0.7027260214090347,0.3470862094809427
/content/drive/MyDrive/AImodels/codes/experiments/Mark5/data_test/media_talking/media_talking_test_028.wav,media_talking,media_talking,False,False,0.8085377812385559,0.6785646080970764,0.3263767839745593
/content/drive/MyDrive/AImodels/codes/experiments/Mark5/data_test/media_talking/media_talking_test_029.wav,media_talking,media_talking,False,False,0.8310030698776245,0.7440208941698074,0.3207449513343422
/content/drive/MyDrive/AImodels/codes/experiments/Mark5/data_test/media_talking/media_talking_test_030.wav,media_talking,media_talking,False,False,0.6243335008621216,0.364231139421463,0.4675364576887607
/content/drive/MyDrive/AImodels/codes/experiments/Mark5/data_test/media_talking/media_talking_test_031.wav,media_talking,media_talking,False,False,0.7653220891952515,0.6195182949304581,0.39131953906994527
/content/drive/MyDrive/AImodels/codes/experiments/Mark5/data_test/media_talking/media_talking_test_032.wav,media_talking,construction,False,False,0.7673645615577698,0.6478231176733971,0.39724670600341716
/content/drive/MyDrive/AImodels/codes/experiments/Mark5/data_test/media_talking/media_talking_test_033.wav,media_talking,media_talking,False,False,0.864287257194519,0.8006632849574089,0.27846087690985855
/content/drive/MyDrive/AImodels/codes/experiments/Mark5/data_test/media_talking/media_talking_test_034.wav,media_talking,construction,False,False,0.4570707380771637,0.017392873764038086,0.494595068646129
/content/drive/MyDrive/AImodels/codes/experiments/Mark5/data_test/media_talking/media_talking_test_035.wav,media_talking,media_talking,False,False,0.6767618060112,0.5058981031179428,0.4957867141714433
/content/drive/MyDrive/AImodels/codes/experiments/Mark5/data_test/media_talking/media_talking_test_036.wav,media_talking,others,True,False,0.7276422381401062,0.6191825941205025,0.44707410711054524
/content/drive/MyDrive/AImodels/codes/experiments/Mark5/data_test/media_talking/media_talking_test_037.wav,media_talking,media_talking,False,False,0.7683279514312744,0.6678031757473946,0.39346115351373945
/content/drive/MyDrive/AImodels/codes/experiments/Mark5/data_test/media_talking/media_talking_test_038.wav,media_talking,others,True,False,0.45309433341026306,0.09916096925735474,0.5504650902324342
/content/drive/MyDrive/AImodels/codes/experiments/Mark5/data_test/media_talking/media_talking_test_039.wav,media_talking,media_talking,False,False,0.8206678032875061,0.7532842755317688,0.3529698371895892
/content/drive/MyDrive/AImodels/codes/experiments/Mark5/data_test/media_talking/media_talking_test_040.wav,media_talking,others,True,False,0.4476333558559418,0.03880581259727478,0.5285760094420903
/content/drive/MyDrive/AImodels/codes/experiments/Mark5/data_test/media_talking/media_talking_test_041.wav,media_talking,others,True,False,0.8122683167457581,0.7133094370365143,0.3375513091348837
/content/drive/MyDrive/AImodels/codes/experiments/Mark5/data_test/media_talking/media_talking_test_042.wav,media_talking,media_talking,False,False,0.8519421219825745,0.7643481642007828,0.2844417557842365
/content/drive/MyDrive/AImodels/codes/experiments/Mark5/data_test/media_talking/media_talking_test_043.wav,media_talking,others,True,False,0.6272423267364502,0.4499209374189377,0.5086316806939468
/content/drive/MyDrive/AImodels/codes/experiments/Mark5/data_test/media_talking/media_talking_test_044.wav,media_talking,media_talking,False,False,0.6995059847831726,0.533003494143486,0.440699042269851
/content/drive/MyDrive/AImodels/codes/experiments/Mark5/data_test/media_talking/media_talking_test_045.wav,media_talking,others,True,False,0.42791852355003357,0.08654746413230896,0.5958675226079163
/content/drive/MyDrive/AImodels/codes/experiments/Mark5/data_test/media_talking/media_talking_test_046.wav,media_talking,others,True,False,0.5861944556236267,0.35639216005802155,0.5301630074051649
/content/drive/MyDrive/AImodels/codes/experiments/Mark5/data_test/media_talking/media_talking_test_047.wav,media_talking,media_talking,False,False,0.7652857899665833,0.615973025560379,0.36774005126666115
/content/drive/MyDrive/AImodels/codes/experiments/Mark5/data_test/media_talking/media_talking_test_048.wav,media_talking,media_talking,False,False,0.5226576328277588,0.13628748059272766,0.48353328430722164
/content/drive/MyDrive/AImodels/codes/experiments/Mark5/data_test/others/others_test_001.wav,others,others,True,False,0.3788241446018219,0.16011342406272888,0.7705996822220067
/content/drive/MyDrive/AImodels/codes/experiments/Mark5/data_test/others/others_test_002.wav,others,others,True,False,0.39997273683547974,0.17645153403282166,0.8001458070971559
/content/drive/MyDrive/AImodels/codes/experiments/Mark5/data_test/others/others_test_003.wav,others,others,True,False,0.7661920189857483,0.6669070571660995,0.3870717112343178
/content/drive/MyDrive/AImodels/codes/experiments/Mark5/data_test/others/others_test_004.wav,others,others,True,False,0.6160178184509277,0.4882119297981262,0.615516055899676
/content/drive/MyDrive/AImodels/codes/experiments/Mark5/data_test/others/others_test_005.wav,others,others,True,False,0.3542041778564453,0.06788983941078186,0.7576140880724036
/content/drive/MyDrive/AImodels/codes/experiments/Mark5/data_test/others/others_test_006.wav,others,others,False,False,0.29197266697883606,0.11299839615821838,0.851540104880383
/content/drive/MyDrive/AImodels/codes/experiments/Mark5/data_test/others/others_test_007.wav,others,others,True,False,0.25527846813201904,0.004463315010070801,0.7361309393445439
/content/drive/MyDrive/AImodels/codes/experiments/Mark5/data_test/others/others_test_008.wav,others,others,False,False,0.3444180190563202,0.011992871761322021,0.7664600107037493
/content/drive/MyDrive/AImodels/codes/experiments/Mark5/data_test/others/others_test_009.wav,others,others,True,False,0.5739875435829163,0.3743373602628708,0.5897439273087368
/content/drive/MyDrive/AImodels/codes/experiments/Mark5/data_test/others/others_test_010.wav,others,others,False,False,0.3391340374946594,0.07552987337112427,0.7600992690472965
/content/drive/MyDrive/AImodels/codes/experiments/Mark5/data_test/others/others_test_011.wav,others,others,True,False,0.5658112168312073,0.2982616424560547,0.5578190145052775
/content/drive/MyDrive/AImodels/codes/experiments/Mark5/data_test/others/others_test_012.wav,others,others,True,False,0.4915531873703003,0.2783593535423279,0.6825098747021163
/content/drive/MyDrive/AImodels/codes/experiments/Mark5/data_test/others/others_test_013.wav,others,others,True,False,0.5699455142021179,0.22681856155395508,0.47499552715501403
/content/drive/MyDrive/AImodels/codes/experiments/Mark5/data_test/others/others_test_014.wav,others,construction,False,False,0.6724843382835388,0.4524245858192444,0.44965084253016446
/content/drive/MyDrive/AImodels/codes/experiments/Mark5/data_test/others/others_test_015.wav,others,others,False,False,0.3477877080440521,0.03332725167274475,0.6705725314719541
/content/drive/MyDrive/AImodels/codes/experiments/Mark5/data_test/others/others_test_016.wav,others,others,True,False,0.4320264458656311,0.07210808992385864,0.6175923750698534
/content/drive/MyDrive/AImodels/codes/experiments/Mark5/data_test/others/others_test_017.wav,others,others,True,False,0.31945422291755676,0.03363710641860962,0.7273302106998395
/content/drive/MyDrive/AImodels/codes/experiments/Mark5/data_test/others/others_test_018.wav,others,others,True,False,0.5572152733802795,0.2935276925563812,0.5342337214720166
/content/drive/MyDrive/AImodels/codes/experiments/Mark5/data_test/others/others_test_019.wav,others,others,True,False,0.5586869716644287,0.32013240456581116,0.5963000393684247
/content/drive/MyDrive/AImodels/codes/experiments/Mark5/data_test/others/others_test_020.wav,others,others,True,False,0.5485407710075378,0.2489948868751526,0.5528711139125978
/content/drive/MyDrive/AImodels/codes/experiments/Mark5/data_test/others/others_test_021.wav,others,others,True,False,0.6562333703041077,0.39338579773902893,0.4397699342011473
/content/drive/MyDrive/AImodels/codes/experiments/Mark5/data_test/others/others_test_022.wav,others,others,True,False,0.48497799038887024,0.1549113690853119,0.5930523115961227
/content/drive/MyDrive/AImodels/codes/experiments/Mark5/data_test/others/others_test_023.wav,others,others,True,False,0.5776512622833252,0.2742869555950165,0.5049499712900208
/content/drive/MyDrive/AImodels/codes/experiments/Mark5/data_test/others/others_test_024.wav,others,construction,False,False,0.7204295992851257,0.5720618218183517,0.43225981126379026
/content/drive/MyDrive/AImodels/codes/experiments/Mark5/data_test/others/others_test_025.wav,others,heavy_impact,False,False,0.7198287844657898,0.587833896279335,0.46211073783995993
/content/drive/MyDrive/AImodels/codes/experiments/Mark5/data_test/others/others_test_026.wav,others,heavy_impact,False,False,0.8541204929351807,0.7486644759774208,0.258441487080661
/content/drive/MyDrive/AImodels/codes/experiments/Mark5/data_test/others/others_test_027.wav,others,others,True,False,0.6058573126792908,0.48175258189439774,0.5995431012549509
/content/drive/MyDrive/AImodels/codes/experiments/Mark5/data_test/others/others_test_028.wav,others,machine_noise,False,False,0.6040748357772827,0.4480993002653122,0.5918777019793381
/content/drive/MyDrive/AImodels/codes/experiments/Mark5/data_test/others/others_test_029.wav,others,dog_bark,False,False,0.6759397983551025,0.5201418250799179,0.49880575928625126
/content/drive/MyDrive/AImodels/codes/experiments/Mark5/data_test/others/others_test_030.wav,others,heavy_impact,False,False,0.6189097166061401,0.38475488126277924,0.5133224692785923
/content/drive/MyDrive/AImodels/codes/experiments/Mark5/data_test/others/others_test_031.wav,others,others,True,False,0.403822660446167,0.004851281642913818,0.6011832143595882
/content/drive/MyDrive/AImodels/codes/experiments/Mark5/data_test/others/others_test_032.wav,others,others,True,False,0.4643276035785675,0.09619015455245972,0.5898964909227045
/content/drive/MyDrive/AImodels/codes/experiments/Mark5/data_test/others/others_test_033.wav,others,others,False,False,0.36102521419525146,0.0612044632434845,0.7414241154846238
/content/drive/MyDrive/AImodels/codes/experiments/Mark5/data_test/others/others_test_034.wav,others,others,True,False,0.3907213807106018,0.03158113360404968,0.659998169433148
/content/drive/MyDrive/AImodels/codes/experiments/Mark5/data_test/others/others_test_035.wav,others,others,True,False,0.2427508383989334,0.023879945278167725,0.8327158057363458
/content/drive/MyDrive/AImodels/codes/experiments/Mark5/data_test/others/others_test_036.wav,others,others,False,False,0.39888957142829895,0.09499147534370422,0.6420327187987505
/content/drive/MyDrive/AImodels/codes/experiments/Mark5/data_test/others/others_test_037.wav,others,others,True,False,0.4888550639152527,0.28105857968330383,0.6488531587130791
/content/drive/MyDrive/AImodels/codes/experiments/Mark5/data_test/others/others_test_038.wav,others,others,False,False,0.31617456674575806,0.030479460954666138,0.7616620152552347
/content/drive/MyDrive/AImodels/codes/experiments/Mark5/data_test/others/others_test_039.wav,others,construction,False,False,0.5304843187332153,0.2294931411743164,0.5579751589153055
/content/drive/MyDrive/AImodels/codes/experiments/Mark5/data_test/others/others_test_040.wav,others,media_talking,False,False,0.5707791447639465,0.21884119510650635,0.4601768366949122
/content/drive/MyDrive/AImodels/codes/experiments/Mark5/data_test/others/others_test_041.wav,others,others,True,False,0.31361010670661926,0.05720710754394531,0.8273012080571267
/content/drive/MyDrive/AImodels/codes/experiments/Mark5/data_test/others/others_test_042.wav,others,others,True,False,0.4158441722393036,0.18361949920654297,0.7330306752645477
/content/drive/MyDrive/AImodels/codes/experiments/Mark5/data_test/others/others_test_043.wav,others,dragging,False,False,0.6166636347770691,0.299243301153183,0.4345991290537074
/content/drive/MyDrive/AImodels/codes/experiments/Mark5/data_test/others/others_test_044.wav,others,construction,False,False,0.8162524700164795,0.7588263191282749,0.35177821879151777
/content/drive/MyDrive/AImodels/codes/experiments/Mark5/data_test/others/others_test_045.wav,others,machine_noise,False,False,0.5468443036079407,0.20358553528785706,0.5107746243726422
/content/drive/MyDrive/AImodels/codes/experiments/Mark5/data_test/others/others_test_046.wav,others,construction,False,False,0.7598748803138733,0.6675787344574928,0.43234924978357175
/content/drive/MyDrive/AImodels/codes/experiments/Mark5/data_test/others/others_test_047.wav,others,others,True,False,0.5736967921257019,0.42354971170425415,0.6302379021026895
/content/drive/MyDrive/AImodels/codes/experiments/Mark5/data_test/water_shower/water_shower_test_001.wav,water_shower,water_shower,False,False,0.899438738822937,0.8545892871916294,0.21850071815079813
/content/drive/MyDrive/AImodels/codes/experiments/Mark5/data_test/water_shower/water_shower_test_002.wav,water_shower,water_shower,False,False,0.9678475260734558,0.9584347577765584,0.0911655010996463
/content/drive/MyDrive/AImodels/codes/experiments/Mark5/data_test/water_shower/water_shower_test_003.wav,water_shower,water_shower,False,False,0.9670798182487488,0.9504475817084312,0.08968288198537043
/content/drive/MyDrive/AImodels/codes/experiments/Mark5/data_test/water_shower/water_shower_test_004.wav,water_shower,water_shower,False,False,0.9219171404838562,0.8957614302635193,0.1843033833383683
/content/drive/MyDrive/AImodels/codes/experiments/Mark5/data_test/water_shower/water_shower_test_005.wav,water_shower,water_shower,False,False,0.9826272130012512,0.9768952513113618,0.0549252746620801
/content/drive/MyDrive/AImodels/codes/experiments/Mark5/data_test/water_shower/water_shower_test_006.wav,water_shower,water_shower,False,False,0.9379330277442932,0.9091832190752029,0.1491393149713576
/content/drive/MyDrive/AImodels/codes/experiments/Mark5/data_test/water_shower/water_shower_test_007.wav,water_shower,water_shower,False,False,0.9784654378890991,0.974631336517632,0.06725803136629906
/content/drive/MyDrive/AImodels/codes/experiments/Mark5/data_test/water_shower/water_shower_test_008.wav,water_shower,water_shower,False,False,0.9700772762298584,0.957703810185194,0.08497534232824551
/content/drive/MyDrive/AImodels/codes/experiments/Mark5/data_test/water_shower/water_shower_test_009.wav,water_shower,water_shower,False,False,0.9719691276550293,0.964983033016324,0.0828763244375866
/content/drive/MyDrive/AImodels/codes/experiments/Mark5/data_test/water_shower/water_shower_test_010.wav,water_shower,water_shower,False,False,0.975111186504364,0.9678973238915205,0.0740305849151305
/content/drive/MyDrive/AImodels/codes/experiments/Mark5/data_test/water_shower/water_shower_test_011.wav,water_shower,water_shower,False,False,0.958767831325531,0.9471901776269078,0.11231659881101068
/content/drive/MyDrive/AImodels/codes/experiments/Mark5/data_test/water_shower/water_shower_test_012.wav,water_shower,water_shower,False,False,0.963207483291626,0.9481493746861815,0.10004868978090081
/content/drive/MyDrive/AImodels/codes/experiments/Mark5/data_test/water_shower/water_shower_test_013.wav,water_shower,water_shower,False,False,0.9741867184638977,0.9665884356945753,0.07652012659431666
/content/drive/MyDrive/AImodels/codes/experiments/Mark5/data_test/water_shower/water_shower_test_014.wav,water_shower,water_shower,False,False,0.95741868019104,0.9418584946542978,0.11183665006632339
/content/drive/MyDrive/AImodels/codes/experiments/Mark5/data_test/water_shower/water_shower_test_015.wav,water_shower,water_shower,False,False,0.9691561460494995,0.960824784822762,0.08900577243941778
/content/drive/MyDrive/AImodels/codes/experiments/Mark5/data_test/water_shower/water_shower_test_016.wav,water_shower,water_shower,False,False,0.9624415636062622,0.9469510838389397,0.10244057338571227
/content/drive/MyDrive/AImodels/codes/experiments/Mark5/data_test/water_shower/water_shower_test_017.wav,water_shower,water_shower,False,False,0.957976758480072,0.9406811706721783,0.11115111072964519
/content/drive/MyDrive/AImodels/codes/experiments/Mark5/data_test/water_shower/water_shower_test_018.wav,water_shower,water_shower,False,False,0.9743247032165527,0.9630657695233822,0.07375550789049772
/content/drive/MyDrive/AImodels/codes/experiments/Mark5/data_test/water_shower/water_shower_test_019.wav,water_shower,water_shower,False,False,0.9729748964309692,0.9658057424239814,0.07987099214405546
/content/drive/MyDrive/AImodels/codes/experiments/Mark5/data_test/water_shower/water_shower_test_020.wav,water_shower,water_shower,False,False,0.9682925939559937,0.954139593988657,0.08696517306630494
/content/drive/MyDrive/AImodels/codes/experiments/Mark5/data_test/water_shower/water_shower_test_021.wav,water_shower,water_shower,False,False,0.9761874079704285,0.971552534494549,0.07292032111846175
/content/drive/MyDrive/AImodels/codes/experiments/Mark5/data_test/water_shower/water_shower_test_022.wav,water_shower,water_shower,False,False,0.5436393022537231,0.17567342519760132,0.4831890938495366
/content/drive/MyDrive/AImodels/codes/experiments/Mark5/data_test/water_shower/water_shower_test_023.wav,water_shower,water_shower,False,False,0.9531946182250977,0.9331026766449213,0.12127240712145992
/content/drive/MyDrive/AImodels/codes/experiments/Mark5/data_test/water_shower/water_shower_test_024.wav,water_shower,water_shower,False,False,0.9304302930831909,0.9007280562072992,0.16165110469678612
/content/drive/MyDrive/AImodels/codes/experiments/Mark5/data_test/water_shower/water_shower_test_025.wav,water_shower,water_shower,False,False,0.634587287902832,0.31550347805023193,0.3938204267184668
/content/drive/MyDrive/AImodels/codes/experiments/Mark5/data_test/water_shower/water_shower_test_026.wav,water_shower,water_shower,False,False,0.6452134847640991,0.377956360578537,0.43386289568189373
/content/drive/MyDrive/AImodels/codes/experiments/Mark5/data_test/water_shower/water_shower_test_027.wav,water_shower,water_shower,False,False,0.9705502390861511,0.9563354589045048,0.08241399483715106
/content/drive/MyDrive/AImodels/codes/experiments/Mark5/data_test/water_shower/water_shower_test_028.wav,water_shower,water_shower,False,False,0.9657920598983765,0.9540701489895582,0.09439324287575507
/content/drive/MyDrive/AImodels/codes/experiments/Mark5/data_test/water_shower/water_shower_test_029.wav,water_shower,water_shower,False,False,0.9539414644241333,0.9345566164702177,0.11797911914473787
/content/drive/MyDrive/AImodels/codes/experiments/Mark5/data_test/water_shower/water_shower_test_030.wav,water_shower,water_shower,False,False,0.9693354964256287,0.959298693574965,0.08727221276486327
/content/drive/MyDrive/AImodels/codes/experiments/Mark5/data_test/water_shower/water_shower_test_031.wav,water_shower,water_shower,False,False,0.9664694666862488,0.9555366886779666,0.09465955101912628
/content/drive/MyDrive/AImodels/codes/experiments/Mark5/data_test/water_shower/water_shower_test_032.wav,water_shower,water_shower,False,False,0.964162290096283,0.9459714107215405,0.09582908105968117
/content/drive/MyDrive/AImodels/codes/experiments/Mark5/data_test/water_shower/water_shower_test_033.wav,water_shower,water_shower,False,False,0.9792425632476807,0.9727151338011026,0.06357354820178843
/content/drive/MyDrive/AImodels/codes/experiments/Mark5/data_test/water_shower/water_shower_test_034.wav,water_shower,water_shower,False,False,0.9755186438560486,0.9706182014197111,0.073746888209072
/content/drive/MyDrive/AImodels/codes/experiments/Mark5/data_test/water_shower/water_shower_test_035.wav,water_shower,water_shower,False,False,0.9650629758834839,0.9533792966976762,0.09739329892054567
/content/drive/MyDrive/AImodels/codes/experiments/Mark5/data_test/water_shower/water_shower_test_036.wav,water_shower,water_shower,False,False,0.9395073652267456,0.9160235598683357,0.15181895758684913
/content/drive/MyDrive/AImodels/codes/experiments/Mark5/data_test/water_shower/water_shower_test_037.wav,water_shower,water_shower,False,False,0.9728814959526062,0.9638680862262845,0.07845725588126737
/content/drive/MyDrive/AImodels/codes/experiments/Mark5/data_test/water_shower/water_shower_test_038.wav,water_shower,water_shower,False,False,0.9791803956031799,0.9722761828452349,0.0635884207126984
/content/drive/MyDrive/AImodels/codes/experiments/Mark5/data_test/water_shower/water_shower_test_039.wav,water_shower,water_shower,False,False,0.9551486968994141,0.9441681420430541,0.12239369814236015
/content/drive/MyDrive/AImodels/codes/experiments/Mark5/data_test/water_shower/water_shower_test_040.wav,water_shower,water_shower,False,False,0.96651691198349,0.9565488118678331,0.09560383678022237
/content/drive/MyDrive/AImodels/codes/experiments/Mark5/data_test/water_shower/water_shower_test_041.wav,water_shower,water_shower,False,False,0.9742298126220703,0.9664610768668354,0.07626389622167605
/content/drive/MyDrive/AImodels/codes/experiments/Mark5/data_test/water_shower/water_shower_test_042.wav,water_shower,water_shower,False,False,0.5726772546768188,0.2805824279785156,0.5130086613329349
/content/drive/MyDrive/AImodels/codes/experiments/Mark5/data_test/water_shower/water_shower_test_043.wav,water_shower,water_shower,False,False,0.7174851298332214,0.5665734708309174,0.45677784741630095
/content/drive/MyDrive/AImodels/codes/experiments/Mark5/data_test/water_shower/water_shower_test_044.wav,water_shower,water_shower,False,False,0.9651781320571899,0.95428725797683,0.0970260299609789
/content/drive/MyDrive/AImodels/codes/experiments/Mark5/data_test/water_shower/water_shower_test_045.wav,water_shower,water_shower,False,False,0.953153133392334,0.9385611303150654,0.12395025933892125
/content/drive/MyDrive/AImodels/codes/experiments/Mark5/data_test/water_shower/water_shower_test_046.wav,water_shower,water_shower,False,False,0.9709658026695251,0.9626759719103575,0.08341881504073802
/content/drive/MyDrive/AImodels/codes/experiments/Mark5/data_test/water_shower/water_shower_test_047.wav,water_shower,water_shower,False,False,0.9747411012649536,0.968664781190455,0.07501330997939018
/content/drive/MyDrive/AImodels/codes/experiments/Mark5/data_test/water_shower/water_shower_test_048.wav,water_shower,water_shower,False,False,0.8663888573646545,0.8164279647171497,0.2747896928761707
/content/drive/MyDrive/AImodels/codes/experiments/Mark5/data_test/water_toilet/water_toilet_test_001.wav,water_toilet,water_toilet,False,False,0.6635239124298096,0.5225718021392822,0.5130379587552473
/content/drive/MyDrive/AImodels/codes/experiments/Mark5/data_test/water_toilet/water_toilet_test_002.wav,water_toilet,water_toilet,False,False,0.9280499815940857,0.8986853808164597,0.17391256422490084
/content/drive/MyDrive/AImodels/codes/experiments/Mark5/data_test/water_toilet/water_toilet_test_003.wav,water_toilet,machine_noise,False,False,0.7074007987976074,0.5673240721225739,0.4705167108462475
/content/drive/MyDrive/AImodels/codes/experiments/Mark5/data_test/water_toilet/water_toilet_test_004.wav,water_toilet,water_toilet,False,False,0.9142726063728333,0.8659723810851574,0.18984100306405666
/content/drive/MyDrive/AImodels/codes/experiments/Mark5/data_test/water_toilet/water_toilet_test_005.wav,water_toilet,water_toilet,False,False,0.9026563763618469,0.8689051568508148,0.2155259989508592
/content/drive/MyDrive/AImodels/codes/experiments/Mark5/data_test/water_toilet/water_toilet_test_006.wav,water_toilet,water_toilet,False,False,0.9420941472053528,0.9277365431189537,0.15058793686849178
/content/drive/MyDrive/AImodels/codes/experiments/Mark5/data_test/water_toilet/water_toilet_test_007.wav,water_toilet,water_toilet,False,False,0.8159246444702148,0.7206650450825691,0.3464203170499217
/content/drive/MyDrive/AImodels/codes/experiments/Mark5/data_test/water_toilet/water_toilet_test_008.wav,water_toilet,water_toilet,False,False,0.863471269607544,0.8218901567161083,0.2852700861456341
/content/drive/MyDrive/AImodels/codes/experiments/Mark5/data_test/water_toilet/water_toilet_test_009.wav,water_toilet,water_toilet,False,False,0.6680629253387451,0.5206236839294434,0.49375873574808127
/content/drive/MyDrive/AImodels/codes/experiments/Mark5/data_test/water_toilet/water_toilet_test_010.wav,water_toilet,dragging,False,False,0.5316798090934753,0.3044082522392273,0.5653227354133143
/content/drive/MyDrive/AImodels/codes/experiments/Mark5/data_test/water_toilet/water_toilet_test_011.wav,water_toilet,water_toilet,False,False,0.9061316251754761,0.8838603384792805,0.22012573494477158
/content/drive/MyDrive/AImodels/codes/experiments/Mark5/data_test/water_toilet/water_toilet_test_012.wav,water_toilet,water_toilet,False,False,0.9228211045265198,0.8963522557169199,0.18781937241552896
/content/drive/MyDrive/AImodels/codes/experiments/Mark5/data_test/water_toilet/water_toilet_test_013.wav,water_toilet,water_toilet,False,False,0.9222520589828491,0.8828243911266327,0.1797253627023828
/content/drive/MyDrive/AImodels/codes/experiments/Mark5/data_test/water_toilet/water_toilet_test_014.wav,water_toilet,water_toilet,False,False,0.43324851989746094,0.07264900207519531,0.6158147268438051
/content/drive/MyDrive/AImodels/codes/experiments/Mark5/data_test/water_toilet/water_toilet_test_015.wav,water_toilet,water_toilet,False,False,0.792748212814331,0.693449392914772,0.36610943269703256
/content/drive/MyDrive/AImodels/codes/experiments/Mark5/data_test/water_toilet/water_toilet_test_016.wav,water_toilet,water_toilet,False,False,0.8138493299484253,0.7325012981891632,0.34959835493526015
/content/drive/MyDrive/AImodels/codes/experiments/Mark5/data_test/water_toilet/water_toilet_test_017.wav,water_toilet,water_toilet,False,False,0.6370592713356018,0.34199899435043335,0.4321322318405169
/content/drive/MyDrive/AImodels/codes/experiments/Mark5/data_test/water_toilet/water_toilet_test_018.wav,water_toilet,water_toilet,False,False,0.8153684139251709,0.7047635167837143,0.3256382719143436
/content/drive/MyDrive/AImodels/codes/experiments/Mark5/data_test/water_toilet/water_toilet_test_019.wav,water_toilet,water_toilet,False,False,0.6419197916984558,0.5214576050639153,0.5602843383383809
/content/drive/MyDrive/AImodels/codes/experiments/Mark5/data_test/water_toilet/water_toilet_test_020.wav,water_toilet,water_toilet,False,False,0.560070812702179,0.3460123836994171,0.6050863905744016
/content/drive/MyDrive/AImodels/codes/experiments/Mark5/data_test/water_toilet/water_toilet_test_021.wav,water_toilet,water_toilet,False,False,0.5546427965164185,0.4145810902118683,0.6550970904616824
/content/drive/MyDrive/AImodels/codes/experiments/Mark5/data_test/water_toilet/water_toilet_test_022.wav,water_toilet,water_toilet,False,False,0.59163898229599,0.36756540834903717,0.5731049988512622
/content/drive/MyDrive/AImodels/codes/experiments/Mark5/data_test/water_toilet/water_toilet_test_023.wav,water_toilet,water_toilet,False,False,0.6959475874900818,0.5466202199459076,0.4859809211779661
/content/drive/MyDrive/AImodels/codes/experiments/Mark5/data_test/water_toilet/water_toilet_test_024.wav,water_toilet,water_toilet,False,False,0.8036498427391052,0.7426421195268631,0.3861392393874967
/content/drive/MyDrive/AImodels/codes/experiments/Mark5/data_test/water_toilet/water_toilet_test_025.wav,water_toilet,water_toilet,False,False,0.7156832218170166,0.6024044156074524,0.48763725637384664
/content/drive/MyDrive/AImodels/codes/experiments/Mark5/data_test/water_toilet/water_toilet_test_026.wav,water_toilet,water_toilet,False,False,0.5175524950027466,0.22882753610610962,0.6052684686286247
/content/drive/MyDrive/AImodels/codes/experiments/Mark5/data_test/water_toilet/water_toilet_test_027.wav,water_toilet,others,True,False,0.47892776131629944,0.21560227870941162,0.653282766203258
/content/drive/MyDrive/AImodels/codes/experiments/Mark5/data_test/water_toilet/water_toilet_test_028.wav,water_toilet,water_toilet,False,False,0.706989586353302,0.6197530329227448,0.49817543067064834
/content/drive/MyDrive/AImodels/codes/experiments/Mark5/data_test/water_toilet/water_toilet_test_029.wav,water_toilet,water_toilet,False,False,0.4887058138847351,0.2829750180244446,0.6758175838831616
/content/drive/MyDrive/AImodels/codes/experiments/Mark5/data_test/water_toilet/water_toilet_test_030.wav,water_toilet,water_toilet,False,False,0.9452210068702698,0.934042926877737,0.1449774804956656
/content/drive/MyDrive/AImodels/codes/experiments/Mark5/data_test/water_toilet/water_toilet_test_031.wav,water_toilet,water_toilet,False,False,0.930778980255127,0.9004397690296173,0.1688273726559961
/content/drive/MyDrive/AImodels/codes/experiments/Mark5/data_test/water_toilet/water_toilet_test_032.wav,water_toilet,water_toilet,False,False,0.9345318675041199,0.9074001796543598,0.1592291166341865
/content/drive/MyDrive/AImodels/codes/experiments/Mark5/data_test/water_toilet/water_toilet_test_033.wav,water_toilet,water_toilet,False,False,0.7273404598236084,0.6286799237132072,0.4613446102464905
/content/drive/MyDrive/AImodels/codes/experiments/Mark5/data_test/water_toilet/water_toilet_test_034.wav,water_toilet,water_toilet,False,False,0.7992774844169617,0.6940144449472427,0.35531482457326863
/content/drive/MyDrive/AImodels/codes/experiments/Mark5/data_test/water_toilet/water_toilet_test_035.wav,water_toilet,water_toilet,False,False,0.9390856027603149,0.9131874237209558,0.15012422377866927
/content/drive/MyDrive/AImodels/codes/experiments/Mark5/data_test/water_toilet/water_toilet_test_036.wav,water_toilet,water_toilet,False,False,0.6335633397102356,0.3215484321117401,0.41363006870570174
/content/drive/MyDrive/AImodels/codes/experiments/Mark5/data_test/water_toilet/water_toilet_test_037.wav,water_toilet,water_toilet,False,False,0.8365136384963989,0.7227719575166702,0.286337597407521
/content/drive/MyDrive/AImodels/codes/experiments/Mark5/data_test/water_toilet/water_toilet_test_038.wav,water_toilet,water_toilet,False,False,0.8506950736045837,0.7749773412942886,0.2870270091581206
/content/drive/MyDrive/AImodels/codes/experiments/Mark5/data_test/water_toilet/water_toilet_test_039.wav,water_toilet,water_toilet,False,False,0.9042258262634277,0.8782944530248642,0.2217963933248938
/content/drive/MyDrive/AImodels/codes/experiments/Mark5/data_test/water_toilet/water_toilet_test_040.wav,water_toilet,water_toilet,False,False,0.41920211911201477,0.1475294828414917,0.5776988346698478
/content/drive/MyDrive/AImodels/codes/experiments/Mark5/data_test/water_toilet/water_toilet_test_041.wav,water_toilet,water_toilet,False,False,0.8737294673919678,0.8377983570098877,0.2736982825133049
/content/drive/MyDrive/AImodels/codes/experiments/Mark5/data_test/water_toilet/water_toilet_test_042.wav,water_toilet,water_toilet,False,False,0.9497469067573547,0.9245441239327192,0.1273092901887675
/content/drive/MyDrive/AImodels/codes/experiments/Mark5/data_test/water_toilet/water_toilet_test_043.wav,water_toilet,water_toilet,False,False,0.9426922798156738,0.9168851859867573,0.14343653102738302
/content/drive/MyDrive/AImodels/codes/experiments/Mark5/data_test/water_toilet/water_toilet_test_044.wav,water_toilet,water_toilet,False,False,0.9527789950370789,0.9383570263162255,0.1265220847275788
/content/drive/MyDrive/AImodels/codes/experiments/Mark5/data_test/water_toilet/water_toilet_test_045.wav,water_toilet,water_toilet,False,False,0.8568167686462402,0.751754529774189,0.25712920670625106
/content/drive/MyDrive/AImodels/codes/experiments/Mark5/data_test/water_toilet/water_toilet_test_046.wav,water_toilet,water_toilet,False,False,0.7974660992622375,0.6532625108957291,0.33072202573937554
/content/drive/MyDrive/AImodels/codes/experiments/Mark5/data_test/water_toilet/water_toilet_test_047.wav,water_toilet,water_toilet,False,False,0.8332976698875427,0.7292491272091866,0.2978280735656904
/content/drive/MyDrive/AImodels/codes/experiments/Mark5/data_test/water_toilet/water_toilet_test_048.wav,water_toilet,water_toilet,False,False,0.865266740322113,0.7727594897150993,0.2523611054793924
